Subsystem,Stage,ItemClass,PreferredCandidate,AltCandidate,Manufacturer,MPN,Qty,Supplier,SupplierRegion,UnitCost,Currency,QuoteDate,LeadTime,Risk,Status,Notes,Mass_g,PeakPower_W,Envelope_mm,RequirementIDs,RiskIDs,ADRIDs,ProcedureIDs,ProcurementState,EvidenceRef
ADCS,Flight-Like,ADCS sensor suite,TBD — sensores tras CONOPS y error budget,TBD,TBD,TBD,TBD,TBD,TBD,TBD,USD,TBD,TBD,High,Open,Arquitectura y cantidad TBD; no existe ADCS adoptado.,TBD,TBD,TBD,"ADCS-REQ-01;ADCS-REQ-02","RSK-ADCS-01","ADR-20260727-orbit-attitude-analysis-reopened","PROC-ADCS-001",TBD,TBD
ADCS,Flight-Like,ADCS actuator suite,TBD — actuadores tras release rates/control authority,TBD,TBD,TBD,TBD,TBD,TBD,TBD,USD,TBD,TBD,High,Open,Actuadores driver magnetics y consumo TBD.,TBD,TBD,TBD,"ADCS-REQ-01;ADCS-REQ-02","RSK-ADCS-01","ADR-20260727-orbit-attitude-analysis-reopened","PROC-ADCS-001",TBD,TBD
Launch Safety,Flight-Like,Deployment switch,TBD — CDS/ICD compliant,TBD,TBD,TBD,TBD,TBD,TBD,TBD,USD,TBD,TBD,High,Open,Debe desconectar funciones powered y tolerar fault tests; ubicación y cantidad final dependen del ICD.,TBD,TBD,TBD,"COMP-REQ-02","RSK-LAUNCH-01","ADR-20260727-verification-and-review-governance","PROC-EPS-001",TBD,TBD
Launch Safety,Flight-Like,Remove Before Flight device,TBD — CDS/ICD compliant,TBD,TBD,TBD,TBD,TBD,TBD,TBD,USD,TBD,TBD,High,Open,RBF obligatorio en baseline; implementación e interfaz TBD.,TBD,TBD,TBD,"COMP-REQ-02","RSK-LAUNCH-01","ADR-20260727-verification-and-review-governance","PROC-EPS-001",TBD,TBD
Launch Safety,Flight-Like,RF inhibit chain,TBD — three independent inhibits minimum,TBD,TBD,TBD,TBD,TBD,TBD,TBD,USD,TBD,TBD,High,Open,Mínimo tres inhibits independientes; ICD puede exigir más.,TBD,TBD,TBD,"COMP-REQ-02","RSK-LAUNCH-01","ADR-20260727-verification-and-review-governance","PROC-EPS-001;PROC-RF-001",TBD,TBD
Structure/Mechanisms,Flight-Like,Deployable inhibit and release chain,TBD — three independent inhibits minimum,TBD,TBD,TBD,TBD,TBD,TBD,TBD,USD,TBD,TBD,High,Open,Incluye stowage release y mínimo tres inhibits; diseño y cantidad TBD por ICD.,TBD,TBD,TBD,"COMP-REQ-02","RSK-LAUNCH-01","ADR-20260727-verification-and-review-governance","PROC-MECH-001;PROC-ENV-001",TBD,TBD
EPS,Flight-Like,Battery pack protection network,TBD — complete 2S pack architecture,TBD,TBD,TBD,TBD,TBD,TBD,TBD,USD,TBD,TBD,High,Open,Debe descomponerse en FETs fusible secondary OVP balanceo shunt sensores térmicos conectores e interlocks.,TBD,TBD,TBD,"COMP-REQ-06;THR-REQ-03","RSK-EPS-01;RSK-EPS-02","ADR-20260218-battery-topology-2s-flight;ADR-20260727-thermal-power-baselines-reopened","PROC-EPS-001;PROC-THR-001",TBD,TBD
System Harness,Flight-Like,Flight harness and connectors,TBD — harness after ICD and layout,TBD,TBD,TBD,TBD,TBD,TBD,TBD,USD,TBD,TBD,High,Open,Wire gauges derating locking keying strain relief mass and routing TBD.,TBD,TBD,TBD,"COMP-REQ-01;ENV-REQ-01","RSK-MECH-01;RSK-ENV-01","ADR-20260727-cubesat-1p5u-cds-envelope;ADR-20260727-verification-and-review-governance","PROC-MECH-001;PROC-ENV-001",TBD,TBD
Radiation,Flight-Like,Latch-up protection and current limiting,TBD — per parts radiation analysis,TBD,TBD,TBD,TBD,TBD,TBD,TBD,USD,TBD,TBD,High,Open,No watchdog-only credit; thresholds segmentation and recovery TBD.,TBD,TBD,TBD,"RAD-REQ-01","RSK-RAD-01","ADR-20260727-verification-and-review-governance","PROC-RAD-001",TBD,TBD
Radiation,Flight-Like,Resilient nonvolatile storage,TBD — EDAC redundancy and recovery architecture,TBD,TBD,TBD,TBD,TBD,TBD,TBD,USD,TBD,TBD,High,Open,Part selection scrubbing rollback filesystem recovery and shielding TBD.,TBD,TBD,TBD,"RAD-REQ-01;DATA-REQ-01","RSK-RAD-01;RSK-DATA-01","ADR-20260727-verification-and-review-governance","PROC-RAD-001;PROC-DATA-001",TBD,TBD
Structure/Thermal,Flight-Like,Frame 1.5U,TBD — estructura CubeSat 1.5U aluminio,TBD,TBD,TBD,1,TBD,TBD,TBD,USD,TBD,TBD,Medium,Open,Estructura CDS 1.5U; Z=170.2+/-0.1mm. Envolvente completa e ICD TBD.,TBD,TBD,TBD,"MIS-REQ-01;THR-REQ-01","RSK-MECH-01;RSK-THR-01","ADR-20260727-cubesat-1p5u-cds-envelope;ADR-20260727-thermal-power-baselines-reopened","PROC-MECH-001;PROC-THR-001",TBD,TBD
Structure/Thermal,Flight-Like,Rails + screws + fasteners,TBD,TBD,TBD,TBD,1,TBD,TBD,TBD,USD,TBD,TBD,Medium,Open,TBD,TBD,TBD,TBD,"MIS-REQ-01;THR-REQ-01","RSK-MECH-01;RSK-THR-01","ADR-20260727-cubesat-1p5u-cds-envelope;ADR-20260727-thermal-power-baselines-reopened","PROC-MECH-001;PROC-THR-001",TBD,TBD
Structure/Thermal,Bench,Perfboard / breadboard,55x34 mm perfboard,TBD,Genérico,TBD,2,Local AR,Argentina,TBD,ARS,TBD,TBD,Medium,Partial,En uso en banco EPS. Ver BOM_EPS_Bench1_1S.md,TBD,TBD,TBD,"MIS-REQ-01;THR-REQ-01","RSK-MECH-01;RSK-THR-01","ADR-20260727-cubesat-1p5u-cds-envelope;ADR-20260727-thermal-power-baselines-reopened","PROC-MECH-001;PROC-THR-001",TBD,TBD
EPS,Bench,Solar charger COTS 1S,CN3065 module,TBD,TBD,CN3065,1,Local AR / MercadoLibre,Argentina,TBD,ARS,TBD,TBD,Medium,Partial,Cargador lineal (no MPPT). Solo banco 1S. Ver EPS_Bench1_1S.md,TBD,TBD,TBD,"MIS-REQ-06;COMP-REQ-06","RSK-EPS-01;RSK-EPS-02","ADR-20260218-battery-topology-2s-flight;ADR-20260727-thermal-power-baselines-reopened","PROC-EPS-001",TBD,TBD
EPS,Bench,BMS 1S COTS,BMS 1S 5A module,TBD,TBD,TBD,1,Local AR / MercadoLibre,Argentina,TBD,ARS,TBD,TBD,Medium,Partial,Módulo COTS. Solo banco.,TBD,TBD,TBD,"MIS-REQ-06;COMP-REQ-06","RSK-EPS-01;RSK-EPS-02","ADR-20260218-battery-topology-2s-flight;ADR-20260727-thermal-power-baselines-reopened","PROC-EPS-001",TBD,TBD
EPS,Bench,Boost converter COTS,MT3608 module,TBD,TBD,MT3608,1,Local AR / MercadoLibre,Argentina,TBD,ARS,TBD,TBD,Medium,Partial,Solo banco 1S.,TBD,TBD,TBD,"MIS-REQ-06;COMP-REQ-06","RSK-EPS-01;RSK-EPS-02","ADR-20260218-battery-topology-2s-flight;ADR-20260727-thermal-power-baselines-reopened","PROC-EPS-001",TBD,TBD
EPS,Bench,Buck converter COTS,Mini-360 MP2307,TBD,TBD,MP2307,1,Local AR / MercadoLibre,Argentina,TBD,ARS,TBD,TBD,Medium,Partial,Solo banco 1S.,TBD,TBD,TBD,"MIS-REQ-06;COMP-REQ-06","RSK-EPS-01;RSK-EPS-02","ADR-20260218-battery-topology-2s-flight;ADR-20260727-thermal-power-baselines-reopened","PROC-EPS-001",TBD,TBD
EPS,Bench,Current/voltage sensor,INA219 CJMCU module,TBD,TBD,INA219,2,Local AR / MercadoLibre,Argentina,TBD,ARS,TBD,TBD,Medium,Partial,2 unidades (solar + load). Ver EPS_Bench1_1S.md,TBD,TBD,TBD,"MIS-REQ-06;COMP-REQ-06","RSK-EPS-01;RSK-EPS-02","ADR-20260218-battery-topology-2s-flight;ADR-20260727-thermal-power-baselines-reopened","PROC-EPS-001",TBD,TBD
EPS,Bench,MCU EPS,Arduino Nano (ATmega328P),TBD,Arduino / Compatible,ATmega328P,1,Local AR,Argentina,TBD,ARS,TBD,TBD,Medium,Partial,Solo banco. Ver EPS_Bench1_1S.md,TBD,TBD,TBD,"MIS-REQ-06;COMP-REQ-06","RSK-EPS-01;RSK-EPS-02","ADR-20260218-battery-topology-2s-flight;ADR-20260727-thermal-power-baselines-reopened","PROC-EPS-001",TBD,TBD
EPS,Bench,Battery cell 1S,18650 Li-ion 3.7V,TBD,TBD,TBD,1,Local AR,Argentina,TBD,ARS,TBD,TBD,Medium,Open,Celda comercial para banco. Marca/MPN TBD.,TBD,TBD,TBD,"MIS-REQ-06;COMP-REQ-06","RSK-EPS-01;RSK-EPS-02","ADR-20260218-battery-topology-2s-flight;ADR-20260727-thermal-power-baselines-reopened","PROC-EPS-001",TBD,TBD
EPS,Bench,Solar panel,Panel solar monocristalino 1.2W 5.5V 98x98mm,TBD,TBD,TBD,2,Local AR / MercadoLibre,Argentina,TBD,ARS,TBD,TBD,Medium,Partial,2 unidades (strings A+B). Ver EPS_Bench1_1S.md,TBD,TBD,TBD,"MIS-REQ-06;COMP-REQ-06","RSK-EPS-01;RSK-EPS-02","ADR-20260218-battery-topology-2s-flight;ADR-20260727-thermal-power-baselines-reopened","PROC-EPS-001",TBD,TBD
EPS,Bench,System header control/sense,JP1 2x12 header,TBD,Generico,TBD,1,Local AR,Argentina,TBD,USD,TBD,TBD,Medium,Open,Header bench-only de control/sense/telemetria. La potencia principal IA no pasa por JP1.,TBD,TBD,TBD,"MIS-REQ-06;COMP-REQ-06","RSK-EPS-01;RSK-EPS-02","ADR-20260218-battery-topology-2s-flight;ADR-20260727-thermal-power-baselines-reopened","PROC-EPS-001",TBD,TBD
EPS,Bench,AI power input connector,J_AI_PWR 2-pin connector,TBD,Generico,TBD,1,Local AR,Argentina,TBD,USD,TBD,TBD,Medium,Open,Entrada principal de `5V_AI_EXT` para Gate IA-2. Bench-only.,TBD,TBD,TBD,"MIS-REQ-06;COMP-REQ-06","RSK-EPS-01;RSK-EPS-02","ADR-20260218-battery-topology-2s-flight;ADR-20260727-thermal-power-baselines-reopened","PROC-EPS-001",TBD,TBD
EPS,Bench,AI external 5V harness,Harness 5V + GND hacia carrier board COTS,TBD,Generico,TBD,1,Local AR,Argentina,TBD,USD,TBD,TBD,Medium,Open,Harness bench-only para `5V_AI_SW` y retorno. No extrapolar a vuelo.,TBD,TBD,TBD,"MIS-REQ-06;COMP-REQ-06","RSK-EPS-01;RSK-EPS-02","ADR-20260218-battery-topology-2s-flight;ADR-20260727-thermal-power-baselines-reopened","PROC-EPS-001",TBD,TBD
EPS,Bench,AI rail protection,PTC / fuse `F_AI`,TBD,TBD,TBD,1,Local AR,Argentina,TBD,USD,TBD,TBD,Medium,Open,Proteccion bench-only de la rama IA.,TBD,TBD,TBD,"MIS-REQ-06;COMP-REQ-06","RSK-EPS-01;RSK-EPS-02","ADR-20260218-battery-topology-2s-flight;ADR-20260727-thermal-power-baselines-reopened","PROC-EPS-001",TBD,TBD
EPS,Bench,AI high-current switch / eFuse,Load switch / eFuse `SW_AI`,TBD,TBD,TBD,1,TBD,TBD,TBD,USD,TBD,TBD,Medium,Open,MPN final TBD. No congelar `TPS22918` mientras la corriente del CM5 siga abierta.,TBD,TBD,TBD,"MIS-REQ-06;COMP-REQ-06","RSK-EPS-01;RSK-EPS-02","ADR-20260218-battery-topology-2s-flight;ADR-20260727-thermal-power-baselines-reopened","PROC-EPS-001",TBD,TBD
EPS,Bench,AI current sense option,INA219 extra / metrologia externa de banco,Metrologia externa preferida si el shunt afecta el boot,TBD,TBD,1,Local AR / Lab,TBD,TBD,USD,TBD,TBD,Medium,Open,Opcion bench-only para `T20`; el sensado principal del CM5 puede requerir metrologia externa.,TBD,TBD,TBD,"MIS-REQ-06;COMP-REQ-06","RSK-EPS-01;RSK-EPS-02","ADR-20260218-battery-topology-2s-flight;ADR-20260727-thermal-power-baselines-reopened","PROC-EPS-001",TBD,TBD
AI Payload experimental,Bench,CM5 module bench candidate,Raspberry Pi CM5 8 GB,TBD,Raspberry Pi,TBD,1,TBD,TBD,TBD,USD,TBD,TBD,Medium,Open,Bench candidate para Gate IA-2. SKU exacto TBD.,TBD,TBD,TBD,"IA-REQ-09;IA-REQ-10","RSK-AI-01;RSK-AI-02","ADR-20260727-ai-payload-gemma4-e2b-candidate","PROC-AI-001;PROC-AI-002",TBD,TBD
AI Payload experimental,Bench,CM5 carrier board COTS,Carrier board COTS externa para CM5,TBD,TBD,TBD,1,TBD,TBD,TBD,USD,TBD,TBD,Medium,Open,Integracion Gate IA-2 en banco. Bench-only.,TBD,TBD,TBD,"IA-REQ-09;IA-REQ-10","RSK-AI-01;RSK-AI-02","ADR-20260727-ai-payload-gemma4-e2b-candidate","PROC-AI-001;PROC-AI-002",TBD,TBD
AI Payload experimental,Bench,UART level adaptation / interface,Level shifter / UART bench interface,TBD,TBD,TBD,1,TBD,TBD,TBD,USD,TBD,TBD,Medium,Open,Adaptacion segun niveles reales de la carrier board. Bench-only.,TBD,TBD,TBD,"IA-REQ-09;IA-REQ-10","RSK-AI-01;RSK-AI-02","ADR-20260727-ai-payload-gemma4-e2b-candidate","PROC-AI-001;PROC-AI-002",TBD,TBD
AI Payload experimental,Bench,CM5 thermal telemetry,Basic thermal sensor / probe for CM5,TBD,TBD,TBD,1,Local AR / Lab,TBD,TBD,USD,TBD,TBD,Medium,Open,Telemetria termica basica para `T21`. Bench-only.,TBD,TBD,TBD,"IA-REQ-09;IA-REQ-10","RSK-AI-01;RSK-AI-02","ADR-20260727-ai-payload-gemma4-e2b-candidate","PROC-AI-001;PROC-AI-002",TBD,TBD
AI Payload experimental,Flight-Like,CM5 module flight-like candidate,TBD — plataforma flight-like tras COTS-to-flight,CM5 family como alternativa en evaluación,TBD,TBD,1,TBD,TBD,TBD,USD,TBD,TBD,High,Open,Hardware flight-like y flight TBD; no transferir evidencia de banco.,TBD,TBD,TBD,"IA-REQ-09;IA-REQ-10","RSK-AI-01;RSK-AI-02","ADR-20260727-ai-payload-gemma4-e2b-candidate","PROC-AI-001;PROC-AI-002",TBD,TBD
EPS,Flight-Like,MPPT charge controller architecture,TBD — per-face/string topology after IV and EOL trade,BQ24650 as unselected reference,TBD,TBD,TBD,TBD,TBD,TBD,USD,TBD,TBD,High,Open,Un MPPT común no se presume válido para caras ortogonales; startup hot/cold mismatch bypass y failure cases abiertos.,TBD,TBD,TBD,"MIS-REQ-06;COMP-REQ-06","RSK-EPS-01;RSK-EPS-02","ADR-20260218-battery-topology-2s-flight;ADR-20260727-thermal-power-baselines-reopened","PROC-EPS-001",TBD,TBD
EPS,Flight-Like,BMS 2S architecture,TBD — complete protection and balancing trade,"S-8252/BQ29209 are non-equivalent references only",TBD,TBD,TBD,TBD,TBD,TBD,USD,TBD,TBD,High,Open,Ningún IC aislado constituye BMS completo; primary/secondary protection balanceo FETs fuse sensing and charge inhibit TBD.,TBD,TBD,TBD,"MIS-REQ-06;COMP-REQ-06;THR-REQ-03","RSK-EPS-01;RSK-EPS-02","ADR-20260218-battery-topology-2s-flight;ADR-20260727-thermal-power-baselines-reopened","PROC-EPS-001;PROC-THR-001",TBD,TBD
EPS,Flight-Like,DC/DC converter IC,TPS630701 (buck-boost),TBD,Texas Instruments,TPS630701,1,Mouser/DigiKey,Internacional,TBD,USD,TBD,TBD,Medium,Open,Equivalente de vuelo al MT3608. Para PCB flight-like.,TBD,TBD,TBD,"MIS-REQ-06;COMP-REQ-06","RSK-EPS-01;RSK-EPS-02","ADR-20260218-battery-topology-2s-flight;ADR-20260727-thermal-power-baselines-reopened","PROC-EPS-001",TBD,TBD
EPS,Flight-Like,Buck converter IC,TPS62160,TBD,Texas Instruments,TPS62160,1,Mouser/DigiKey,Internacional,TBD,USD,TBD,TBD,Medium,Open,Ultra-low Iq. Para PCB flight-like.,TBD,TBD,TBD,"MIS-REQ-06;COMP-REQ-06","RSK-EPS-01;RSK-EPS-02","ADR-20260218-battery-topology-2s-flight;ADR-20260727-thermal-power-baselines-reopened","PROC-EPS-001",TBD,TBD
EPS,Flight-Like,MCU EPS,MSP430FR2033,STM32L011,Texas Instruments,MSP430FR2033,1,Mouser/DigiKey,Internacional,TBD,USD,TBD,TBD,Medium,Open,Ultra-bajo consumo para flight-like.,TBD,TBD,TBD,"MIS-REQ-06;COMP-REQ-06","RSK-EPS-01;RSK-EPS-02","ADR-20260218-battery-topology-2s-flight;ADR-20260727-thermal-power-baselines-reopened","PROC-EPS-001",TBD,TBD
EPS,Flight-Like,Triple current sensor IC,INA3221,TBD,Texas Instruments,INA3221,1,Mouser/DigiKey,Internacional,TBD,USD,TBD,TBD,Medium,Open,Equivalente de vuelo a 2x INA219.,TBD,TBD,TBD,"MIS-REQ-06;COMP-REQ-06","RSK-EPS-01;RSK-EPS-02","ADR-20260218-battery-topology-2s-flight;ADR-20260727-thermal-power-baselines-reopened","PROC-EPS-001",TBD,TBD
EPS,Flight-Like,Load switches,TPS22918,TBD,Texas Instruments,TPS22918,4,Mouser/DigiKey,Internacional,TBD,USD,TBD,TBD,Medium,Open,Reemplazo de AO3401/2N7002 para flight-like.,TBD,TBD,TBD,"MIS-REQ-06;COMP-REQ-06","RSK-EPS-01;RSK-EPS-02","ADR-20260218-battery-topology-2s-flight;ADR-20260727-thermal-power-baselines-reopened","PROC-EPS-001",TBD,TBD
EPS,Flight-Like,Battery cells 2S,TBD — pack 2S tras budget y safety,TBD,TBD,TBD,TBD,TBD,TBD,TBD,USD,TBD,TBD,High,Open,Celda capacidad paralelo BMS y protección siguen TBD.,TBD,TBD,TBD,"MIS-REQ-06;COMP-REQ-06","RSK-EPS-01;RSK-EPS-02","ADR-20260218-battery-topology-2s-flight;ADR-20260727-thermal-power-baselines-reopened","PROC-EPS-001",TBD,TBD
OBC + Storage,Flight-Like,MCU OBC,STM32L4xx,TBD,STMicroelectronics,STM32L4xx,1,Mouser/DigiKey,Internacional,TBD,USD,TBD,TBD,Medium,Open,STM32L4 clase. MPN exacto TBD según pinout/package.,TBD,TBD,TBD,"MIS-REQ-08;MIS-REQ-10","RSK-FSW-01;RSK-RAD-01","ADR-20260314-eps-state-4-levels","PROC-FSW-001;PROC-RAD-001",TBD,TBD
OBC + Storage,Flight-Like,Watchdog HW externo,TBD,TBD,TBD,TBD,1,TBD,TBD,TBD,USD,TBD,TBD,Medium,Open,TBD,TBD,TBD,TBD,"MIS-REQ-08;MIS-REQ-10","RSK-FSW-01;RSK-RAD-01","ADR-20260314-eps-state-4-levels","PROC-FSW-001;PROC-RAD-001",TBD,TBD
OBC + Storage,Flight-Like,NOR Flash (critical logs),TBD,TBD,TBD,TBD,1,TBD,TBD,TBD,USD,TBD,TBD,Medium,Open,Para logs críticos. Capacidad TBD.,TBD,TBD,TBD,"MIS-REQ-08;MIS-REQ-10","RSK-FSW-01;RSK-RAD-01","ADR-20260314-eps-state-4-levels","PROC-FSW-001;PROC-RAD-001",TBD,TBD
OBC + Storage,Flight-Like,microSD,Standard microSD + holder,TBD,TBD,TBD,1,Local AR,Argentina,TBD,ARS,TBD,TBD,Medium,Open,Para bulk storage. Holder + tarjeta.,TBD,TBD,TBD,"MIS-REQ-08;MIS-REQ-10","RSK-FSW-01;RSK-RAD-01","ADR-20260314-eps-state-4-levels","PROC-FSW-001;PROC-RAD-001",TBD,TBD
OBC + Storage,Bench,Arduino / STM32 dev board (bench OBC),Arduino Nano / Nucleo,TBD,Arduino / ST,TBD,1,Local AR,Argentina,TBD,ARS,TBD,TBD,Medium,Partial,Solo banco de pruebas de software.,TBD,TBD,TBD,"MIS-REQ-08;MIS-REQ-10","RSK-FSW-01;RSK-RAD-01","ADR-20260314-eps-state-4-levels","PROC-FSW-001;PROC-RAD-001",TBD,TBD
COMMS UHF TTC,Flight-Like,Radio SoC TTC,TI CC1110Fxx (base OpenLST),Si4463 / AX5043 / CC1101,Texas Instruments,CC1110F32,1,Mouser/DigiKey,Internacional,TBD,USD,TBD,TBD,High,Open,CC1110 es base OpenLST. Hardware final TBD. Requiere ADR de adopción.,TBD,TBD,TBD,"MIS-REQ-03;SEC-REQ-01","RSK-RF-01;RSK-SEC-01","ADR-20260727-rf-regulatory-command-security-baseline","PROC-RF-001;PROC-SEC-001",TBD,TBD
COMMS UHF TTC,Flight-Like,PA UHF,TBD — PA para banda coordinada,TBD,TBD,TBD,1,TBD,TBD,TBD,USD,TBD,TBD,High,Open,Frecuencia potencia arquitectura y PA TBD tras coordinación y trade.,TBD,TBD,TBD,"MIS-REQ-03;SEC-REQ-01","RSK-RF-01;RSK-SEC-01","ADR-20260727-rf-regulatory-command-security-baseline","PROC-RF-001;PROC-SEC-001",TBD,TBD
COMMS UHF TTC,Flight-Like,SAW filter 435MHz,TBD — filtro para banda coordinada,TBD,TBD,TBD,1,TBD,TBD,TBD,USD,TBD,TBD,High,Open,Selección depende de frecuencia waveform y front-end aprobados.,TBD,TBD,TBD,"MIS-REQ-03;SEC-REQ-01","RSK-RF-01;RSK-SEC-01","ADR-20260727-rf-regulatory-command-security-baseline","PROC-RF-001;PROC-SEC-001",TBD,TBD
COMMS UHF TTC,Flight-Like,TCXO 27MHz,TCXO ~27 MHz,TBD,TBD,TBD,1,Mouser/DigiKey,Internacional,TBD,USD,TBD,TBD,Medium,Open,Para estabilidad vs Doppler. TBD.,TBD,TBD,TBD,"MIS-REQ-03;SEC-REQ-01","RSK-RF-01;RSK-SEC-01","ADR-20260727-rf-regulatory-command-security-baseline","PROC-RF-001;PROC-SEC-001",TBD,TBD
COMMS UHF TTC,Flight-Like,Antena UHF deployable,TBD — geometría para banda coordinada,TBD,TBD,TBD,1,TBD,TBD,TBD,USD,TBD,TBD,Medium,Open,Mecanismo de despliegue TBD. Compatible con 1.5U.,TBD,TBD,TBD,"MIS-REQ-03;SEC-REQ-01","RSK-RF-01;RSK-SEC-01","ADR-20260727-rf-regulatory-command-security-baseline","PROC-RF-001;PROC-SEC-001",TBD,TBD
LoRa RX orbital,Flight-Like,LoRa concentrator / RX,TBD — concentrator vs receptor simple,TBD,TBD,TBD,1,TBD,TBD,TBD,USD,TBD,TBD,High,Open,Selección requiere sensibilidad CFO Doppler blocking consumo y regulación medidos.,TBD,TBD,TBD,"MIS-REQ-02;COMMS-UL-01","RSK-REG-01;RSK-COMMS-01","ADR-20260727-rf-regulatory-command-security-baseline","PROC-RF-002;PROC-REG-001",TBD,TBD
LoRa RX orbital,Flight-Like,Antena LoRa orbital,Dipolo/patch impreso 915 MHz,TBD,TBD,TBD,1,TBD,TBD,TBD,USD,TBD,TBD,Medium,Open,TBD,TBD,TBD,TBD,"MIS-REQ-02;COMMS-UL-01","RSK-REG-01;RSK-COMMS-01","ADR-20260727-rf-regulatory-command-security-baseline","PROC-RF-002;PROC-REG-001",TBD,TBD
GNSS,Flight-Like,Módulo GNSS,TBD — módulo GNSS UART,TBD,TBD,TBD,1,TBD,TBD,TBD,USD,TBD,TBD,Medium,Open,Módulo GNSS + antena patch para sincronización/telemetría. TBD.,TBD,TBD,TBD,"COMMS-UL-03","RSK-COMMS-03","ADR-20260727-rf-regulatory-command-security-baseline","PROC-RF-002",TBD,TBD
Science Pack,Flight-Like,UV sensor,TBD — sensor UV I2C,TBD,TBD,TBD,1,Mouser/DigiKey,Internacional,TBD,USD,TBD,TBD,Medium,Open,Sensor UV I2C para Science Board.,TBD,TBD,TBD,"MIS-REQ-07","RSK-CONF-01","ADR-20260218-geiger-removed-from-mvp","PROC-DOC-001",TBD,TBD
Science Pack,Flight-Like,ALS/visible sensor,TBD — sensor ALS I2C,TBD,TBD,TBD,1,Mouser/DigiKey,Internacional,TBD,USD,TBD,TBD,Medium,Open,Sensor ALS visible I2C.,TBD,TBD,TBD,"MIS-REQ-07","RSK-CONF-01","ADR-20260218-geiger-removed-from-mvp","PROC-DOC-001",TBD,TBD
Science Pack,Flight-Like,Magnetómetro 3 ejes,TBD — magnetómetro I2C,TBD,TBD,TBD,1,Mouser/DigiKey,Internacional,TBD,USD,TBD,TBD,Medium,Open,Magnetómetro 3 ejes I2C.,TBD,TBD,TBD,"MIS-REQ-07","RSK-CONF-01","ADR-20260218-geiger-removed-from-mvp","PROC-DOC-001",TBD,TBD
Science Pack,Flight-Like,Temperatura multipunto,TBD — sensores de temperatura I2C,TBD,TBD,TBD,4,Mouser/DigiKey,Internacional,TBD,USD,TBD,TBD,Medium,Open,Sensores de temperatura I2C (múltiples puntos). Qty TBD.,TBD,TBD,TBD,"MIS-REQ-07","RSK-CONF-01","ADR-20260218-geiger-removed-from-mvp","PROC-DOC-001",TBD,TBD
Science Pack,Bench,IMU (banco 433 MHz),GY-521 MPU6050,TBD,InvenSense,MPU6050,1,Local AR,Argentina,TBD,ARS,TBD,TBD,Medium,Partial,Solo banco 433 MHz telemetría. Ver docs/TELEMETRY_433_README.md.,TBD,TBD,TBD,"MIS-REQ-07","RSK-CONF-01","ADR-20260218-geiger-removed-from-mvp","PROC-DOC-001",TBD,TBD
Ground Segment,EGSE,Antena Yagi UHF,Yagi o Cross-Yagi para banda UHF coordinada,TBD,TBD,TBD,1,TBD,TBD,TBD,USD,TBD,TBD,Medium,Open,Frecuencia patrón polarización y estructura TBD.,TBD,TBD,TBD,"MIS-REQ-21;DATA-REQ-01","RSK-GND-01;RSK-DATA-01","ADR-20260727-rf-regulatory-command-security-baseline","PROC-GND-001;PROC-DATA-001",TBD,TBD
Ground Segment,EGSE,LNA UHF,TBD — LNA para banda coordinada,TBD,TBD,TBD,1,TBD,TBD,TBD,USD,TBD,TBD,Medium,Open,TBD,TBD,TBD,TBD,"MIS-REQ-21;DATA-REQ-01","RSK-GND-01;RSK-DATA-01","ADR-20260727-rf-regulatory-command-security-baseline","PROC-GND-001;PROC-DATA-001",TBD,TBD
Ground Segment,EGSE,SDR RX SatNOGS / public beacon,RTL-SDR Blog V4 genuino,Nooelec NESDR SMArt v5 / RTL-SDR premium metal,TBD,TBD,1,MercadoLibre / proveedor oficial,Argentina / Internacional,TBD,ARS,2026-07-05,TBD,Medium,Open,RX-only dedicado para SatNOGS y beacon publico. Candidatos ML: https://www.mercadolibre.com.ar/nuevo-rtl-sdr-v4-hf-receptor-recibe-80m-40m-20m-10m-2m-rtl/up/MLAU120437591 | https://www.mercadolibre.com.ar/radio-sdr-premium-hf-vhf-uhf-100khz-1-75ghz-sma-metal/up/MLAU4009654843. Confirmar TCXO SMA bias-T y driver Linux/SatNOGS antes de comprar.,TBD,TBD,TBD,"MIS-REQ-21;DATA-REQ-01","RSK-GND-01;RSK-DATA-01","ADR-20260727-rf-regulatory-command-security-baseline","PROC-GND-001;PROC-DATA-001",TBD,TBD
Ground Segment,EGSE,SDR transceiver / AUSTRALIS modem dev,PlutoSDR Zynq7010 AD9363 transceiver,HackRF-class transceiver only for lab tools,TBD,AD9363 / Zynq7010,1,MercadoLibre / proveedor oficial,Argentina / Internacional,TBD,ARS,2026-07-05,TBD,Medium,Open,Candidato para desarrollo de downlink controlado y uplink privado por stack AUSTRALIS. No usar como SDR SatNOGS principal ni exponer TX a SatNOGS. Requiere PA filtros medidor SWR T/R switch digital e interlocks. ML: https://www.mercadolibre.com.ar/pluto-sdr-zynq7010-ad9363-transceptor-de-radio-de-doble/up/MLAU4223612216.,TBD,TBD,TBD,"MIS-REQ-21;DATA-REQ-01","RSK-GND-01;RSK-DATA-01","ADR-20260727-rf-regulatory-command-security-baseline","PROC-GND-001;PROC-DATA-001",TBD,TBD
Ground Segment,EGSE,Torre / mastil soporte antena,Torre triangular liviana o mastil estructural 4-5 m,Columna de hierro galvanizada en caliente,TBD,TBD,1,Proveedor local / MercadoLibre,Argentina,TBD,ARS,2026-07-05,TBD,Medium,Open,Soporte para rotor AZ/EL y UHF cross-Yagi. ML column candidate: https://www.mercadolibre.com.ar/columnas-de-hierro-galvanizadas-en-caliente/up/MLAU262760109. No adoptar hasta confirmar altura diametro espesor peso placa de anclaje galvanizado carga lateral viento y compatibilidad con riendas/anclajes de terraza.,TBD,TBD,TBD,"MIS-REQ-21;DATA-REQ-01","RSK-GND-01;RSK-DATA-01","ADR-20260727-rf-regulatory-command-security-baseline","PROC-GND-001;PROC-DATA-001",TBD,TBD
Ground Segment,EGSE,Linea coaxial UHF principal,LMR-400 class 50 ohm outdoor coax 10 m,Ecoflex 10 / Hyperflex 10 / LMR-600 si >25 m,TBD,LMR-400 class,1,Proveedor local / MercadoLibre,Argentina,TBD,ARS,2026-07-05,TBD,Medium,Open,Candidato para corrida corta de estacion terrena. ML: https://www.mercadolibre.com.ar/cable-coaxil-lmr-400-x-10-metros-rf-radioaficionados-vhfuhf/up/MLAU3956799499. Confirmar 50 ohm conectores N-type o adaptadores de baja perdida cubierta UV radio de curvatura y longitud real. Pérdida deberá calcularse y medirse en la frecuencia coordinada.,TBD,TBD,TBD,"MIS-REQ-21;DATA-REQ-01","RSK-GND-01;RSK-DATA-01","ADR-20260727-rf-regulatory-command-security-baseline","PROC-GND-001;PROC-DATA-001",TBD,TBD
Ground Segment,EGSE,Estacion meteorologica local,Anemometro veleta lluvia temp humedad presion + sensores interiores gabinete,RS485/Modbus weather station + BME280/SHT31 interior,TBD,TBD,1,Proveedor local / MercadoLibre / Mouser,Argentina / Internacional,TBD,ARS,2026-07-10,TBD,Medium,Open,Requisito de autonomia de estacion. Debe alimentar logs e interlocks de park/inhibicion. Sensores minimos: viento direccion lluvia temperatura/humedad exterior presion temperatura/humedad interior gabinete. Confirmar calibracion protocolo intemperie montaje y compatibilidad con PoE/RPi.,TBD,TBD,TBD,"MIS-REQ-21;DATA-REQ-01","RSK-GND-01;RSK-DATA-01","ADR-20260727-rf-regulatory-command-security-baseline","PROC-GND-001;PROC-DATA-001",TBD,TBD
Ground Segment,EGSE,PC estación terrena,PC con .NET 8 para dashboard,TBD,TBD,TBD,1,TBD,TBD,TBD,USD,TBD,TBD,Medium,Partial,Dashboard .NET 8 + Blazor implementado. PC existente.,TBD,TBD,TBD,"MIS-REQ-21;DATA-REQ-01","RSK-GND-01;RSK-DATA-01","ADR-20260727-rf-regulatory-command-security-baseline","PROC-GND-001;PROC-DATA-001",TBD,TBD
Ground Segment,Bench,Nodo LoRa de prueba (clase típica),Módulo tipo Heltec ESP32+SX1262 / RFM95W,TBD,Heltec / HopeRF / TBD,TBD,2,Local AR / MercadoLibre,Argentina,TBD,ARS,TBD,TBD,Medium,Open,Nodo de clase típica para pruebas de uplink P1. MPN exacto TBD.,TBD,TBD,TBD,"MIS-REQ-21;DATA-REQ-01","RSK-GND-01;RSK-DATA-01","ADR-20260727-rf-regulatory-command-security-baseline","PROC-GND-001;PROC-DATA-001",TBD,TBD
Test/Tools,EGSE,Fuente de laboratorio,Fuente DC programable 0-30V / 3A,TBD,TBD,TBD,1,Local AR,Argentina,TBD,ARS,TBD,TBD,Medium,Partial,Para banco EPS. Existente o a adquirir.,TBD,TBD,TBD,"ENV-REQ-01","RSK-ENV-01","ADR-20260727-verification-and-review-governance","PROC-ENV-001",TBD,TBD
Test/Tools,EGSE,Multímetro,Multímetro digital con medición de corriente,TBD,TBD,TBD,1,Local AR,Argentina,TBD,ARS,TBD,TBD,Medium,Partial,Para pruebas T1-T10 EPS.,TBD,TBD,TBD,"ENV-REQ-01","RSK-ENV-01","ADR-20260727-verification-and-review-governance","PROC-ENV-001",TBD,TBD
Test/Tools,EGSE,Analizador de espectro,Analizador de espectro UHF / 915 MHz,TBD,TBD,TBD,1,TBD,TBD,TBD,USD,TBD,TBD,Medium,Open,Para verificación de emisiones espurias TX UHF. TBD adquirir o acceder a uno.,TBD,TBD,TBD,"ENV-REQ-01","RSK-ENV-01","ADR-20260727-verification-and-review-governance","PROC-ENV-001",TBD,TBD
Test/Tools,EGSE,Osciloscopio,Osciloscopio digital (mínimo 100 MHz),TBD,TBD,TBD,1,Local AR,Argentina,TBD,ARS,TBD,TBD,Medium,Open,TBD,TBD,TBD,TBD,"ENV-REQ-01","RSK-ENV-01","ADR-20260727-verification-and-review-governance","PROC-ENV-001",TBD,TBD
Structure/Thermal,Flight-Like,Radiator coating,TBD — thermal control surface,TBD,TBD,TBD,1,TBD,TBD,TBD,USD,TBD,TBD,High,Open,Cara propiedades ópticas degradación outgassing y coating siguen TBD.,TBD,TBD,TBD,"MIS-REQ-01;THR-REQ-01","RSK-MECH-01;RSK-THR-01","ADR-20260727-cubesat-1p5u-cds-envelope;ADR-20260727-thermal-power-baselines-reopened","PROC-MECH-001;PROC-THR-001",TBD,TBD
Structure/Thermal,Flight-Like,Thermal pad CM5,TBD — interface stack after calorimetry,TBD,TBD,TBD,1,TBD,TBD,TBD,USD,TBD,TBD,High,Open,Conductancia contactos spreading geometría y material TBD.,TBD,TBD,TBD,"MIS-REQ-01;THR-REQ-01","RSK-MECH-01;RSK-THR-01","ADR-20260727-cubesat-1p5u-cds-envelope;ADR-20260727-thermal-power-baselines-reopened","PROC-MECH-001;PROC-THR-001",TBD,TBD
EPS,Flight-Like,Solar cell IBC,TBD — solar cell and topology,TBD,TBD,TBD,TBD,TBD,TBD,TBD,USD,TBD,TBD,High,Open,Layout cantidad stringing MPPT BOL/EOL y familia siguen TBD.,TBD,TBD,TBD,"MIS-REQ-06;COMP-REQ-06","RSK-EPS-01;RSK-EPS-02","ADR-20260218-battery-topology-2s-flight;ADR-20260727-thermal-power-baselines-reopened","PROC-EPS-001",TBD,TBD
